-- -------------------------------------------------------------
-- TablePlus 2.8.1(252)
--
-- https://tableplus.com/
--
-- Database: dobla
-- Generation Time: 2019-08-02 13:54:31.6710
-- -------------------------------------------------------------


/*!40101 SET @OLD_CHARACTER_SET_CLIENT=@@CHARACTER_SET_CLIENT */;
/*!40101 SET @OLD_CHARACTER_SET_RESULTS=@@CHARACTER_SET_RESULTS */;
/*!40101 SET @OLD_COLLATION_CONNECTION=@@COLLATION_CONNECTION */;
/*!40101 SET NAMES utf8mb4 */;
/*!40103 SET @OLD_TIME_ZONE=@@TIME_ZONE */;
/*!40103 SET TIME_ZONE='+00:00' */;
/*!40014 SET @OLD_UNIQUE_CHECKS=@@UNIQUE_CHECKS, UNIQUE_CHECKS=0 */;
/*!40014 SET @OLD_FOREIGN_KEY_CHECKS=@@FOREIGN_KEY_CHECKS, FOREIGN_KEY_CHECKS=0 */;
/*!40101 SET @OLD_SQL_MODE=@@SQL_MODE, SQL_MODE='NO_AUTO_VALUE_ON_ZERO' */;
/*!40111 SET @OLD_SQL_NOTES=@@SQL_NOTES, SQL_NOTES=0 */;


CREATE TABLE `foundation_supported` (
  `id` int(11) NOT NULL AUTO_INCREMENT,
  `idUsers` int(11) NOT NULL,
  `idFoundations` int(11) NOT NULL,
  `textSupport` varchar(500) DEFAULT NULL,
  `status` tinyint(1) NOT NULL DEFAULT '1',
  `dateRegistration` datetime NOT NULL DEFAULT CURRENT_TIMESTAMP,
  `dateUpdate` datetime NOT NULL DEFAULT CURRENT_TIMESTAMP ON UPDATE CURRENT_TIMESTAMP,
  PRIMARY KEY (`id`),
  KEY `idUsers` (`idUsers`),
  KEY `idFoundations` (`idFoundations`),
  CONSTRAINT `foundation_supported_ibfk_1` FOREIGN KEY (`idUsers`) REFERENCES `users` (`id`),
  CONSTRAINT `foundation_supported_ibfk_2` FOREIGN KEY (`idFoundations`) REFERENCES `foundations` (`id`)
) ENGINE=InnoDB AUTO_INCREMENT=186 DEFAULT CHARSET=utf8;

CREATE TABLE `foundations` (
  `id` int(11) NOT NULL AUTO_INCREMENT,
  `name` varchar(150) NOT NULL,
  `id_fundacion` varchar(50) NOT NULL,
  `description` varchar(500) NOT NULL,
  `vision` varchar(500) NOT NULL,
  `mision` varchar(500) NOT NULL,
  `location` varchar(250) NOT NULL,
  `icon` varchar(250) DEFAULT NULL,
  `legalInformation` varchar(1000) NOT NULL,
  `objectivePopulation` varchar(250) NOT NULL,
  `photo` varchar(250) DEFAULT NULL,
  `video` varchar(250) DEFAULT NULL,
  `dateRegistration` timestamp NULL DEFAULT CURRENT_TIMESTAMP,
  `dateUpdate` timestamp NULL DEFAULT CURRENT_TIMESTAMP ON UPDATE CURRENT_TIMESTAMP,
  `status` tinyint(1) DEFAULT '1',
  PRIMARY KEY (`id`) USING BTREE
) ENGINE=InnoDB AUTO_INCREMENT=6 DEFAULT CHARSET=utf8;

CREATE TABLE `terms_accepted` (
  `id` int(11) NOT NULL AUTO_INCREMENT,
  `idUser` int(11) DEFAULT NULL,
  `idTerms` int(11) DEFAULT NULL,
  `dateRegistration` timestamp NULL DEFAULT CURRENT_TIMESTAMP,
  `dateUpdate` timestamp NULL DEFAULT CURRENT_TIMESTAMP ON UPDATE CURRENT_TIMESTAMP,
  `status` tinyint(1) DEFAULT '1',
  UNIQUE KEY `id` (`id`),
  KEY `idUser` (`idUser`),
  KEY `idTerms` (`idTerms`),
  CONSTRAINT `terms_accepted_ibfk_1` FOREIGN KEY (`idUser`) REFERENCES `users` (`id`),
  CONSTRAINT `terms_accepted_ibfk_2` FOREIGN KEY (`idTerms`) REFERENCES `terms_condition` (`id`)
) ENGINE=InnoDB AUTO_INCREMENT=162 DEFAULT CHARSET=utf8;

CREATE TABLE `terms_condition` (
  `id` int(11) NOT NULL AUTO_INCREMENT,
  `url_pdf` varchar(250) DEFAULT NULL,
  `version` float DEFAULT NULL,
  `dateRegistration` timestamp NULL DEFAULT CURRENT_TIMESTAMP,
  `dateUpdate` timestamp NULL DEFAULT CURRENT_TIMESTAMP ON UPDATE CURRENT_TIMESTAMP,
  `status` tinyint(1) DEFAULT '1',
  UNIQUE KEY `id` (`id`) USING BTREE
) ENGINE=InnoDB AUTO_INCREMENT=2 DEFAULT CHARSET=utf8;

CREATE TABLE `users` (
  `id` int(11) NOT NULL AUTO_INCREMENT,
  `email` varchar(100) NOT NULL,
  `status` tinyint(1) DEFAULT '1',
  `dateRegistration` datetime DEFAULT CURRENT_TIMESTAMP,
  `dateUpdate` datetime DEFAULT CURRENT_TIMESTAMP ON UPDATE CURRENT_TIMESTAMP,
  PRIMARY KEY (`id`)
) ENGINE=InnoDB AUTO_INCREMENT=54 DEFAULT CHARSET=utf8;

INSERT INTO `foundation_supported` (`id`, `idUsers`, `idFoundations`, `textSupport`, `status`, `dateRegistration`, `dateUpdate`) VALUES ('1', '1', '4', 'Prueba ', '1', '2019-04-26 08:31:15', '2019-04-26 08:31:15'),
('2', '2', '1', 'apoyo total', '1', '2019-04-26 10:16:19', '2019-04-26 10:16:19'),
('3', '4', '4', 'esto será un mensaje de texto largo muy largo para verificar que todo funcione es un texto de prueba prueba prueba prueba prueba prueba prueba prueba prueba prueba prueba prueba prueba prueba prueba prueba ya que tú me puedes mandar por favor si puedes hacer un texto largo del tiempo ordinario que escribir aquí en mi vida y que se guarde este largo muy largo mensaje', '1', '2019-04-26 15:01:14', '2019-04-26 15:01:14'),
('4', '4', '4', 'esto será un mensaje de texto largo muy largo para verificar que todo funcione es un texto de prueba prueba prueba prueba prueba prueba prueba prueba prueba prueba prueba prueba prueba prueba prueba prueba ya que tú me puedes mandar por favor si puedes hacer un texto largo del tiempo ordinario que escribir aquí en mi vida y que se guarde este largo muy largo mensaje', '1', '2019-04-26 16:11:43', '2019-04-26 16:11:43'),
('5', '4', '4', 'esto será un mensaje de texto largo ue todo funcione es un texto de prueba prueba prueba prueba prueba prueba prueba prueba prueba prueba prueba prueba prueba prueba prueba prueba ya que tú me puedes mandar por favor si puedes hacer un texto largo del tiempo ordinario que escribir aquí en mi vida y que se guarde este largo muy largo mensaje', '1', '2019-04-26 16:19:28', '2019-04-26 16:19:28'),
('7', '4', '4', 'prueba', '1', '2019-04-26 16:48:23', '2019-04-26 16:48:23'),
('8', '4', '1', 'prueba', '1', '2019-04-29 09:54:08', '2019-04-29 09:54:08'),
('9', '4', '2', 'prueba', '1', '2019-04-29 09:54:21', '2019-04-29 09:54:21'),
('10', '4', '4', 'PP turba ', '1', '2019-04-29 09:54:45', '2019-04-29 09:54:45'),
('11', '4', '4', 'PP turba ', '1', '2019-04-29 09:54:55', '2019-04-29 09:54:55'),
('12', '4', '1', 'otra prueba', '1', '2019-04-29 09:55:12', '2019-04-29 09:55:12'),
('13', '4', '1', 'prueba e', '1', '2019-04-29 09:55:31', '2019-04-29 09:55:31'),
('14', '4', '4', 'otra prueba', '1', '2019-04-29 09:56:03', '2019-04-29 09:56:03'),
('15', '4', '2', 'qhhhh', '1', '2019-04-29 10:03:51', '2019-04-29 10:03:51'),
('16', '5', '4', 'Holaaaaa', '1', '2019-04-29 10:13:41', '2019-04-29 10:13:41'),
('17', '4', '2', 'prueba', '1', '2019-04-29 10:14:34', '2019-04-29 10:14:34'),
('18', '4', '2', 'prueba 2', '1', '2019-04-29 10:14:48', '2019-04-29 10:14:48'),
('19', '4', '4', 'prueba 3', '1', '2019-04-29 10:15:07', '2019-04-29 10:15:07'),
('20', '4', '4', 'prueba', '1', '2019-04-29 10:16:37', '2019-04-29 10:16:37'),
('21', '4', '4', 'hola', '1', '2019-04-29 10:19:33', '2019-04-29 10:19:33'),
('22', '4', '4', 'hola', '1', '2019-04-29 10:19:43', '2019-04-29 10:19:43'),
('23', '1', '4', 'Prueba 1.2', '1', '2019-04-29 10:20:35', '2019-04-29 10:20:35'),
('24', '1', '1', 'Prueba 1.3', '1', '2019-04-29 10:20:47', '2019-04-29 10:20:47'),
('25', '1', '2', 'Prueba 1.4', '1', '2019-04-29 10:20:57', '2019-04-29 10:20:57'),
('26', '1', '4', 'Prueba 1.5', '1', '2019-04-29 10:21:08', '2019-04-29 10:21:08'),
('27', '6', '2', 'prueba apoyo', '1', '2019-04-29 11:10:04', '2019-04-29 11:10:04'),
('28', '1', '2', 'P', '1', '2019-04-29 11:11:20', '2019-04-29 11:11:20'),
('29', '1', '4', 'T', '1', '2019-04-29 11:11:32', '2019-04-29 11:11:32'),
('30', '1', '1', 'O', '1', '2019-04-29 11:11:40', '2019-04-29 11:11:40'),
('31', '5', '2', 'Quiero ok', '1', '2019-04-29 14:16:45', '2019-04-29 14:16:45'),
('32', '1', '4', 'Prueba222', '1', '2019-04-29 14:31:23', '2019-04-29 14:31:23'),
('33', '8', '1', 'prueba', '1', '2019-04-29 15:29:51', '2019-04-29 15:29:51'),
('34', '7', '1', 'Texto de ejemplo4', '1', '2019-04-29 15:30:59', '2019-04-29 15:30:59'),
('35', '4', '1', 'prueba', '1', '2019-05-02 09:15:24', '2019-05-02 09:15:24'),
('36', '4', '4', 'prueba', '1', '2019-05-02 09:34:40', '2019-05-02 09:34:40'),
('37', '4', '4', 'apoyo incondicional 2', '1', '2019-05-02 09:48:26', '2019-05-02 09:48:26'),
('38', '9', '2', 'texto de prueba3', '1', '2019-05-07 17:04:53', '2019-05-07 17:04:53'),
('39', '7', '1', 'Texto de ejemplo4', '1', '2019-05-08 11:19:45', '2019-05-08 11:19:45'),
('40', '7', '1', 'Texto de ejemplo4', '1', '2019-05-08 11:33:43', '2019-05-08 11:33:43'),
('41', '7', '1', 'Texto de ejemplo4', '1', '2019-05-08 11:34:36', '2019-05-08 11:34:36'),
('42', '7', '1', 'Texto de ejemplo4', '1', '2019-05-08 11:39:17', '2019-05-08 11:39:17'),
('43', '7', '1', 'Texto de ejemplo4', '1', '2019-05-08 11:44:44', '2019-05-08 11:44:44'),
('44', '7', '1', 'Texto de ejemplo4', '1', '2019-05-08 11:50:28', '2019-05-08 11:50:28'),
('45', '9', '2', 'texto de prueba', '1', '2019-05-09 10:29:41', '2019-05-09 10:29:41'),
('46', '4', '4', 'Solo Donó', '1', '2019-05-09 17:45:57', '2019-05-09 17:45:57'),
('47', '10', '1', 'Test de verificación alamofire.', '1', '2019-05-10 08:27:43', '2019-05-10 08:27:43'),
('48', '11', '2', 'Prueba mensaje fun 2', '1', '2019-05-10 08:54:00', '2019-05-10 08:54:00'),
('49', '12', '4', 'Solo Donó', '1', '2019-05-10 08:59:53', '2019-05-10 08:59:53'),
('50', '9', '2', 'texto de prueba', '1', '2019-05-10 09:31:34', '2019-05-10 09:31:34'),
('51', '12', '4', 'hola esto es un mensaje de texto', '1', '2019-05-10 10:01:49', '2019-05-10 10:01:49'),
('52', '13', '4', 'Solo Donó', '1', '2019-05-10 10:03:24', '2019-05-10 10:03:24'),
('53', '10', '2', 'Prueba de envío de mensaje 2.', '1', '2019-05-10 10:41:53', '2019-05-10 10:41:53'),
('54', '14', '2', 'Daddy’s dsdfds sdfs', '1', '2019-05-10 14:27:17', '2019-05-10 14:27:17'),
('55', '10', '2', 'nil', '1', '2019-05-10 15:23:38', '2019-05-10 15:23:38'),
('56', '10', '2', 'nil', '1', '2019-05-10 15:26:32', '2019-05-10 15:26:32'),
('57', '10', '2', 'null', '1', '2019-05-10 15:27:45', '2019-05-10 15:27:45'),
('58', '15', '4', 'hola prueba', '1', '2019-05-10 15:41:02', '2019-05-10 15:41:02'),
('59', '16', '4', 'hhgghhhhhhhhhhhhh', '1', '2019-05-10 15:45:05', '2019-05-10 15:45:05'),
('67', '10', '2', 'Optional(\"Apoyo esta fundación por los niños.\")', '1', '2019-05-10 16:49:09', '2019-05-10 16:49:09'),
('68', '9', '2', 'texto de prueba', '1', '2019-05-10 16:52:14', '2019-05-10 16:52:14'),
('69', '9', '2', 'texto de prueba', '1', '2019-05-10 17:07:57', '2019-05-10 17:07:57'),
('70', '17', '1', 'Optional(\"Es una buena fundación\")', '1', '2019-05-10 17:33:35', '2019-05-10 17:33:35'),
('72', '9', '2', 'texto de prueba', '1', '2019-05-10 17:39:54', '2019-05-10 17:39:54'),
('73', '18', '2', 'Optional(\"Apoyo esta donación para los niños con cancer.\")', '1', '2019-05-10 17:43:20', '2019-05-10 17:43:20'),
('75', '9', '2', 'texto de prueba', '1', '2019-05-10 17:45:14', '2019-05-10 17:45:14'),
('78', '18', '1', 'Optional(\"Prueba de cambio de ventana.\")', '1', '2019-05-10 17:57:20', '2019-05-10 17:57:20'),
('80', '10', '2', 'Optional(\"Test de verificación de barra de navegación.\")', '1', '2019-05-10 18:49:59', '2019-05-10 18:49:59'),
('81', '10', '2', 'Optional(\"Asldkjasl jaladas alsjalk dlajdlasjkdas\")', '1', '2019-05-10 18:51:18', '2019-05-10 18:51:18'),
('82', '10', '2', 'Optional(\"Test final de verificación de información.\")', '1', '2019-05-10 18:55:47', '2019-05-10 18:55:47'),
('86', '20', '1', 'Optional(\"Eskfsdlkn leek fix Faulk\")', '1', '2019-05-10 21:04:15', '2019-05-10 21:04:15'),
('87', '21', '1', 'Optional(\"Prueba 9:20pm\")', '1', '2019-05-10 21:19:06', '2019-05-10 21:19:06'),
('88', '22', '2', 'Optional(\"Fundación Assad’s\")', '1', '2019-05-10 21:25:38', '2019-05-10 21:25:38'),
('89', '23', '2', 'Fund 2 pakoras', '1', '2019-05-10 21:33:39', '2019-05-10 21:33:39'),
('90', '24', '2', 'Hola como están es la mejor fundación', '1', '2019-05-11 08:57:35', '2019-05-11 08:57:35'),
('91', '4', '4', 'Solo Donó', '1', '2019-05-13 10:24:52', '2019-05-13 10:24:52'),
('93', '4', '4', 'Solo Donó', '1', '2019-05-13 15:03:32', '2019-05-13 15:03:32'),
('95', '27', '1', 'Me gusta mucho esta fundación', '1', '2019-05-13 21:45:27', '2019-05-13 21:45:27'),
('97', '28', '4', 'Mensaje de apoyo a la fundación ', '1', '2019-05-14 09:22:21', '2019-05-14 09:22:21'),
('98', '29', '4', 'Menhyitiyujhjjuu', '1', '2019-05-14 09:34:16', '2019-05-14 09:34:16'),
('99', '29', '1', 'Holssghjjjjjjjj', '1', '2019-05-14 09:39:59', '2019-05-14 09:39:59'),
('100', '30', '2', 'Esto es un mensaje de apoyo 3\n', '1', '2019-05-14 10:21:16', '2019-05-14 10:21:16'),
('101', '9', '2', 'asdasd', '1', '2019-05-14 14:44:00', '2019-05-14 14:44:00'),
('102', '31', '1', 'esto es un mensaje de apoyo', '1', '2019-05-14 17:35:17', '2019-05-14 17:35:17'),
('103', '12', '1', 'Jcucucucufu', '1', '2019-05-14 17:59:46', '2019-05-14 17:59:46'),
('104', '31', '2', 'nuevo mensaje', '1', '2019-05-15 07:32:55', '2019-05-15 07:32:55'),
('105', '31', '1', 'prueba 2 jujj', '1', '2019-05-15 07:38:11', '2019-05-15 07:38:11'),
('106', '5', '2', 'Hola prueba botón listado.', '1', '2019-05-15 07:41:56', '2019-05-15 07:41:56'),
('107', '5', '4', 'Hola fundación', '1', '2019-05-15 07:51:40', '2019-05-15 07:51:40'),
('108', '5', '2', 'Hola prueba uno', '1', '2019-05-15 08:23:10', '2019-05-15 08:23:10'),
('109', '33', '1', 'mensaje de apotodeff', '1', '2019-05-15 08:29:12', '2019-05-15 08:29:12'),
('110', '33', '4', 'Esto es un mensaje de apoyo.\n', '1', '2019-05-15 09:27:20', '2019-05-15 09:27:20'),
('111', '33', '2', 'saludos cordiales atte saludos', '1', '2019-05-15 09:32:08', '2019-05-15 09:32:08'),
('112', '24', '2', 'Prueba new ajaaaa', '1', '2019-05-15 09:48:28', '2019-05-15 09:48:28'),
('113', '24', '2', 'Prueba ok si acá estoy siiii', '1', '2019-05-15 09:58:48', '2019-05-15 09:58:48'),
('114', '24', '2', '', '1', '2019-05-15 09:58:58', '2019-05-15 09:58:58'),
('115', '36', '4', 'Rrrrrrrrrrrrr', '1', '2019-05-15 10:43:40', '2019-05-15 10:43:40'),
('116', '37', '2', 'prueba mensaje de texto', '1', '2019-05-15 10:44:13', '2019-05-15 10:44:13'),
('117', '36', '4', '', '1', '2019-05-15 10:45:16', '2019-05-15 10:45:16'),
('118', '37', '1', 'mensaje 2prueba', '1', '2019-05-15 10:47:15', '2019-05-15 10:47:15'),
('119', '37', '4', 'hola esto es un mensaje eee', '1', '2019-05-15 10:52:39', '2019-05-15 10:52:39'),
('120', '38', '2', 'Gggggggggggggggggg', '1', '2019-05-15 11:09:19', '2019-05-15 11:09:19'),
('121', '39', '1', 'Ffghjdwettrt', '1', '2019-05-15 11:19:28', '2019-05-15 11:19:28'),
('122', '40', '4', 'Ffghggggggggg', '1', '2019-05-15 11:25:44', '2019-05-15 11:25:44'),
('123', '40', '4', '', '1', '2019-05-15 11:26:01', '2019-05-15 11:26:01'),
('124', '24', '2', 'Hola como están prueba gio', '1', '2019-05-15 15:05:04', '2019-05-15 15:05:04'),
('125', '37', '2', '', '1', '2019-05-15 15:15:45', '2019-05-15 15:15:45'),
('126', '24', '1', 'Apoyo gio prueba func nueva', '1', '2019-05-15 15:25:17', '2019-05-15 15:25:17'),
('127', '24', '4', '', '1', '2019-05-15 15:25:48', '2019-05-15 15:25:48'),
('128', '24', '4', '', '1', '2019-05-15 15:26:01', '2019-05-15 15:26:01'),
('129', '24', '2', 'Prueba 3:30 con José, desde cero.', '1', '2019-05-15 15:31:07', '2019-05-15 15:31:07'),
('130', '24', '4', 'Hola prueba con José 3:32 con fundación favorita ya.', '1', '2019-05-15 15:32:51', '2019-05-15 15:32:51'),
('131', '24', '1', '', '1', '2019-05-15 15:34:07', '2019-05-15 15:34:07'),
('132', '41', '4', '', '1', '2019-05-15 15:41:10', '2019-05-15 15:41:10'),
('133', '42', '1', 'Esto es un soporte', '1', '2019-05-15 15:42:55', '2019-05-15 15:42:55'),
('134', '42', '1', 'Esto es un soporte', '1', '2019-05-15 15:43:02', '2019-05-15 15:43:02'),
('135', '42', '1', 'Esto es un soporte', '1', '2019-05-15 15:43:06', '2019-05-15 15:43:06'),
('136', '42', '1', 'Esto es un soporte', '1', '2019-05-15 15:43:09', '2019-05-15 15:43:09'),
('137', '42', '1', 'apoyo para fundación', '1', '2019-05-15 15:44:22', '2019-05-15 15:44:22'),
('138', '42', '1', 'apoyo para fundación', '1', '2019-05-15 15:44:28', '2019-05-15 15:44:28'),
('139', '42', '1', 'apoyo para fundación', '1', '2019-05-15 15:44:39', '2019-05-15 15:44:39'),
('140', '42', '1', 'apoyo para fundación', '1', '2019-05-15 15:44:42', '2019-05-15 15:44:42'),
('141', '42', '1', 'apoyo para fundación', '1', '2019-05-15 15:44:45', '2019-05-15 15:44:45'),
('142', '42', '1', 'apoyo para fundación', '1', '2019-05-15 15:44:46', '2019-05-15 15:44:46'),
('143', '24', '2', 'dsfsdfsdfsd f dsf da f da f da fds', '1', '2019-05-15 16:12:35', '2019-05-15 16:12:35'),
('144', '24', '1', 'Drags f dsf da f dsf da f d sfds', '1', '2019-05-15 16:13:16', '2019-05-15 16:13:16'),
('145', '43', '1', 'Texto de apoyo', '1', '2019-05-15 16:17:31', '2019-05-15 16:17:31'),
('146', '24', '2', '', '1', '2019-05-15 16:18:15', '2019-05-15 16:18:15'),
('147', '44', '2', 'Texto de apoyo', '1', '2019-05-15 16:18:58', '2019-05-15 16:18:58'),
('148', '44', '1', 'hshduhshshsus', '1', '2019-05-15 16:19:29', '2019-05-15 16:19:29'),
('149', '24', '1', '', '1', '2019-05-15 16:20:07', '2019-05-15 16:20:07'),
('150', '45', '1', 'gtryygfttt5ttttt\n', '1', '2019-05-15 16:23:14', '2019-05-15 16:23:14'),
('151', '41', '2', '', '1', '2019-05-15 16:24:27', '2019-05-15 16:24:27'),
('152', '41', '1', 'hcygucucucu', '1', '2019-05-15 16:39:07', '2019-05-15 16:39:07'),
('153', '46', '1', 'hdhdjdu fjfkfjf', '1', '2019-05-15 17:11:40', '2019-05-15 17:11:40'),
('154', '46', '2', '', '1', '2019-05-15 17:16:09', '2019-05-15 17:16:09'),
('155', '46', '4', 'cucu jcjvu jhh', '1', '2019-05-15 17:16:31', '2019-05-15 17:16:31'),
('156', '46', '2', 'ybtce tvrvrrcc', '1', '2019-05-15 17:18:09', '2019-05-15 17:18:09'),
('157', '47', '2', 'Mensaje de apoyo 123', '1', '2019-05-15 17:42:37', '2019-05-15 17:42:37'),
('158', '48', '2', 'Mensaje de apoyo 1234', '1', '2019-05-15 18:05:36', '2019-05-15 18:05:36'),
('159', '49', '2', 'Great foundation from Aruba.', '1', '2019-05-16 14:43:56', '2019-05-16 14:43:56'),
('160', '46', '1', 'uvujvvuvuhhhu. jjj', '1', '2019-05-16 14:58:06', '2019-05-16 14:58:06'),
('161', '46', '4', 'hola gracias por su atención', '1', '2019-05-16 15:09:47', '2019-05-16 15:09:47'),
('162', '46', '1', 'saludos cordiales atte lic de conducir', '1', '2019-05-16 15:10:58', '2019-05-16 15:10:58'),
('163', '49', '2', '', '1', '2019-05-16 16:51:31', '2019-05-16 16:51:31'),
('164', '46', '2', 'Chevrolet Corsa original', '1', '2019-05-17 08:50:44', '2019-05-17 08:50:44'),
('165', '46', '2', 'Chevrolet Corsa original', '1', '2019-05-17 08:51:16', '2019-05-17 08:51:16'),
('166', '46', '1', 'mensaje prueba', '1', '2019-05-17 09:00:06', '2019-05-17 09:00:06'),
('167', '50', '1', 'mensaje de apoyo', '1', '2019-05-17 09:46:37', '2019-05-17 09:46:37'),
('168', '50', '2', 'hola buenas tardes envío adjunto', '1', '2019-05-17 09:47:43', '2019-05-17 09:47:43'),
('169', '51', '1', 'hola esto es un pequeño mensaje', '1', '2019-05-17 15:48:45', '2019-05-17 15:48:45'),
('170', '51', '2', 'esta fundación es muy buena', '1', '2019-05-17 15:50:22', '2019-05-17 15:50:22'),
('171', '51', '1', '', '1', '2019-05-17 16:07:20', '2019-05-17 16:07:20'),
('172', '40', '4', '', '1', '2019-05-17 16:33:03', '2019-05-17 16:33:03'),
('173', '24', '2', 'Hola Como están tiesos esta fundación es la mejor.', '1', '2019-05-18 13:03:04', '2019-05-18 13:03:04'),
('174', '24', '2', '', '1', '2019-05-18 13:17:14', '2019-05-18 13:17:14'),
('175', '24', '1', '', '1', '2019-05-18 14:16:03', '2019-05-18 14:16:03'),
('176', '24', '2', '', '1', '2019-05-19 09:26:16', '2019-05-19 09:26:16'),
('177', '24', '4', '', '1', '2019-05-19 09:33:03', '2019-05-19 09:33:03'),
('178', '52', '2', '', '1', '2019-05-20 09:56:16', '2019-05-20 09:56:16'),
('179', '51', '2', '', '1', '2019-05-20 10:45:22', '2019-05-20 10:45:22'),
('180', '24', '5', '', '1', '2019-05-21 12:40:53', '2019-05-21 12:40:53'),
('181', '24', '5', '', '1', '2019-05-22 09:35:56', '2019-05-22 09:35:56'),
('182', '24', '2', '', '1', '2019-05-22 09:44:27', '2019-05-22 09:44:27'),
('183', '53', '1', 'Adosada afaf af af', '1', '2019-05-24 14:58:56', '2019-05-24 14:58:56'),
('184', '53', '4', 'There’s th t t', '1', '2019-05-24 17:08:26', '2019-05-24 17:08:26'),
('185', '53', '5', 'Ghjghjgfjygj', '1', '2019-05-28 14:59:58', '2019-05-28 14:59:58');

INSERT INTO `foundations` (`id`, `name`, `id_fundacion`, `description`, `vision`, `mision`, `location`, `icon`, `legalInformation`, `objectivePopulation`, `photo`, `video`, `dateRegistration`, `dateUpdate`, `status`) VALUES ('1', 'Lorem ipsum dolor sit amet', 'j-0000000', 'Lorem ipsum dolor sit amet, consectetur adipiscing elit. Phasellus semper mauris ac egestas vehicula. Aliquam ligula elit, accumsan sit amet ultricies at, venenatis in risus. Curabitur eu mauris dignissim dui congue gravida. Donec nec leo dapibus, interdum risus nec, semper ante. Nam fringilla mi vitae tortor blandit, eu luctus nibh pulvinar. ', 'Lorem ipsum dolor sit amet, consectetur adipiscing elit. Phasellus semper mauris ac egestas vehicula. Aliquam ligula elit, accumsan sit amet ultricies at, venenatis in risus. Curabitur eu mauris dignissim dui congue gravida. Donec nec leo dapibus, interdum risus nec, semper ante. Nam fringilla mi vitae tortor blandit, eu luctus nibh pulvinar. ', 'Lorem ipsum dolor sit amet, consectetur adipiscing elit. Phasellus semper mauris ac egestas vehicula. Aliquam ligula elit, accumsan sit amet ultricies at, venenatis in risus. Curabitur eu mauris dignissim dui congue gravida. Donec nec leo dapibus, interdum risus nec, semper ante. Nam fringilla mi vitae tortor blandit, eu luctus nibh pulvinar. ', 'sin ubicación', 'http://testing.joonik.com:3030/images/icon/icon1.png', 'sin informacion', '[\"tag1\",\"tag2\",\"tag3\",\"tag4\"]', 'http://testing.joonik.com:3030/images/imgCover/foundation1.jpg', 'https://www.w3schools.com/html/movie.mp4', '2019-04-16 16:00:28', '2019-05-08 16:37:05', '1'),
('2', 'Fundación 2', 'j-0000000', 'Lorem ipsum dolor sit amet, consectetur adipiscing elit. Phasellus semper mauris ac egestas vehicula. Aliquam ligula elit, accumsan sit amet ultricies at, venenatis in risus. Curabitur eu mauris dignissim dui congue gravida. Donec nec leo dapibus, interdum risus nec, semper ante. Nam fringilla mi vitae tortor blandit, eu luctus nibh pulvinar. ', 'Lorem ipsum dolor sit amet, consectetur adipiscing elit. Phasellus semper mauris ac egestas vehicula. Aliquam ligula elit, accumsan sit amet ultricies at, venenatis in risus. Curabitur eu mauris dignissim dui congue gravida. Donec nec leo dapibus, interdum risus nec, semper ante. Nam fringilla mi vitae tortor blandit, eu luctus nibh pulvinar. ', 'Lorem ipsum dolor sit amet, consectetur adipiscing elit. Phasellus semper mauris ac egestas vehicula. Aliquam ligula elit, accumsan sit amet ultricies at, venenatis in risus. Curabitur eu mauris dignissim dui congue gravida. Donec nec leo dapibus, interdum risus nec, semper ante. Nam fringilla mi vitae tortor blandit, eu luctus nibh pulvinar. ', 'sin ubicación', 'http://testing.joonik.com:3030/images/icon/icon2.png', 'sin informacion', '[\"tag1\",\"tag2\",\"tag3\"]', 'http://testing.joonik.com:3030/images/imgCover/foundation2.jpg', '', '2019-04-16 16:00:28', '2019-05-08 16:37:05', '1'),
('4', 'Lorem ipsum dolor sit amet, consectetur adipiscing elit.', 'j-0000000', 'Lorem ipsum dolor sit amet, consectetur adipiscing elit. Phasellus semper mauris ac egestas vehicula. Aliquam ligula elit, accumsan sit amet ultricies at, venenatis in risus. Curabitur eu mauris dignissim dui congue gravida. Donec nec leo dapibus, interdum risus nec, semper ante. Nam fringilla mi vitae tortor blandit, eu luctus nibh pulvinar. ', 'Lorem ipsum dolor sit amet, consectetur adipiscing elit. Phasellus semper mauris ac egestas vehicula. Aliquam ligula elit, accumsan sit amet ultricies at, venenatis in risus. Curabitur eu mauris dignissim dui congue gravida. Donec nec leo dapibus, interdum risus nec, semper ante. Nam fringilla mi vitae tortor blandit, eu luctus nibh pulvinar. ', 'Lorem ipsum dolor sit amet, consectetur adipiscing elit. Phasellus semper mauris ac egestas vehicula. Aliquam ligula elit, accumsan sit amet ultricies at, venenatis in risus. Curabitur eu mauris dignissim dui congue gravida. Donec nec leo dapibus, interdum risus nec, semper ante. Nam fringilla mi vitae tortor blandit, eu luctus nibh pulvinar. ', 'sin ubicación', 'http://testing.joonik.com:3030/images/icon/icon3.png', 'sin informacion', '[\"tag1\",\"tag2\",\"tag3\",\"tag4\",\"tag5\"]', 'http://testing.joonik.com:3030/images/imgCover/foundation3.jpg', 'https://firebasestorage.googleapis.com/v0/b/workky-pruebas.appspot.com/o/images%2FaRnnWs0LYfVxjpqtrGAjuZY2PGB3%2Fmedia-items%2F1ffe961c49b118_16764361867790682751.mp4?alt=media&token=1f660027-7c2c-4613-a7c9-1aca17a2fe40', '2019-04-16 16:00:28', '2019-05-09 09:19:59', '1'),
('5', 'Fundacion nueva', 'j-0000000', 'Lorem ipsum dolor sit amet, consectetur adipiscing elit. Phasellus semper mauris ac egestas vehicula. Aliquam ligula elit, accumsan sit amet ultricies at, venenatis in risus. Curabitur eu mauris dignissim dui congue gravida. Donec nec leo dapibus, interdum risus nec, semper ante. Nam fringilla mi vitae tortor blandit, eu luctus nibh pulvinar. ', 'Lorem ipsum dolor sit amet, consectetur adipiscing elit. Phasellus semper mauris ac egestas vehicula. Aliquam ligula elit, accumsan sit amet ultricies at, venenatis in risus. Curabitur eu mauris dignissim dui congue gravida. Donec nec leo dapibus, interdum risus nec, semper ante. Nam fringilla mi vitae tortor blandit, eu luctus nibh pulvinar. ', 'Lorem ipsum dolor sit amet, consectetur adipiscing elit. Phasellus semper mauris ac egestas vehicula. Aliquam ligula elit, accumsan sit amet ultricies at, venenatis in risus. Curabitur eu mauris dignissim dui congue gravida. Donec nec leo dapibus, interdum risus nec, semper ante. Nam fringilla mi vitae tortor blandit, eu luctus nibh pulvinar. ', 'sin ubicación', 'http://testing.joonik.com:3030/images/icon/icon3.png', 'sin informacion', '[\"tag1\",\"tag2\",\"tag3\",\"tag4\",\"tag5\"]', 'http://testing.joonik.com:3030/images/imgCover/foundation3.jpg', 'https://firebasestorage.googleapis.com/v0/b/workky-pruebas.appspot.com/o/images%2FaRnnWs0LYfVxjpqtrGAjuZY2PGB3%2Fmedia-items%2F1ffe961c49b118_16764361867790682751.mp4?alt=media&token=1f660027-7c2c-4613-a7c9-1aca17a2fe40', '2019-04-16 16:00:28', '2019-05-09 09:19:59', '1');

INSERT INTO `terms_accepted` (`id`, `idUser`, `idTerms`, `dateRegistration`, `dateUpdate`, `status`) VALUES ('1', '7', '1', '2019-05-08 10:17:25', '2019-05-08 10:17:25', '1'),
('2', '7', '1', '2019-05-08 10:55:41', '2019-05-08 10:55:41', '1'),
('3', '7', '1', '2019-05-08 11:19:45', '2019-05-08 11:19:45', '1'),
('4', '7', '1', '2019-05-08 11:30:53', '2019-05-08 11:30:53', '1'),
('5', '7', '1', '2019-05-08 11:33:43', '2019-05-08 11:33:43', '1'),
('6', '7', '1', '2019-05-08 11:34:36', '2019-05-08 11:34:36', '1'),
('7', '7', '1', '2019-05-08 11:39:17', '2019-05-08 11:39:17', '1'),
('8', '7', '1', '2019-05-08 11:44:44', '2019-05-08 11:44:44', '1'),
('9', '7', '1', '2019-05-08 11:50:28', '2019-05-08 11:50:28', '1'),
('10', '9', '1', '2019-05-09 10:29:41', '2019-05-09 10:29:41', '1'),
('11', '4', '1', '2019-05-09 17:45:57', '2019-05-09 17:45:57', '1'),
('12', '10', '1', '2019-05-10 08:27:43', '2019-05-10 08:27:43', '1'),
('13', '11', '1', '2019-05-10 08:54:00', '2019-05-10 08:54:00', '1'),
('14', '12', '1', '2019-05-10 08:59:53', '2019-05-10 08:59:53', '1'),
('15', '9', '1', '2019-05-10 09:31:34', '2019-05-10 09:31:34', '1'),
('16', '12', '1', '2019-05-10 10:01:49', '2019-05-10 10:01:49', '1'),
('17', '13', '1', '2019-05-10 10:03:24', '2019-05-10 10:03:24', '1'),
('18', '10', '1', '2019-05-10 10:41:53', '2019-05-10 10:41:53', '1'),
('19', '14', '1', '2019-05-10 14:27:17', '2019-05-10 14:27:17', '1'),
('20', '10', '1', '2019-05-10 15:23:38', '2019-05-10 15:23:38', '1'),
('21', '10', '1', '2019-05-10 15:26:32', '2019-05-10 15:26:32', '1'),
('22', '10', '1', '2019-05-10 15:27:45', '2019-05-10 15:27:45', '1'),
('23', '15', '1', '2019-05-10 15:41:02', '2019-05-10 15:41:02', '1'),
('24', '16', '1', '2019-05-10 15:45:05', '2019-05-10 15:45:05', '1'),
('25', '10', '1', '2019-05-10 16:00:04', '2019-05-10 16:00:04', '1'),
('26', '10', '1', '2019-05-10 16:00:53', '2019-05-10 16:00:53', '1'),
('27', '10', '1', '2019-05-10 16:01:30', '2019-05-10 16:01:30', '1'),
('28', '10', '1', '2019-05-10 16:45:56', '2019-05-10 16:45:56', '1'),
('29', '10', '1', '2019-05-10 16:46:00', '2019-05-10 16:46:00', '1'),
('30', '10', '1', '2019-05-10 16:47:19', '2019-05-10 16:47:19', '1'),
('31', '10', '1', '2019-05-10 16:47:26', '2019-05-10 16:47:26', '1'),
('32', '10', '1', '2019-05-10 16:49:09', '2019-05-10 16:49:09', '1'),
('33', '9', '1', '2019-05-10 16:52:14', '2019-05-10 16:52:14', '1'),
('34', '9', '1', '2019-05-10 17:07:57', '2019-05-10 17:07:57', '1'),
('35', '17', '1', '2019-05-10 17:33:35', '2019-05-10 17:33:35', '1'),
('36', '10', '1', '2019-05-10 17:34:27', '2019-05-10 17:34:27', '1'),
('37', '9', '1', '2019-05-10 17:39:54', '2019-05-10 17:39:54', '1'),
('38', '18', '1', '2019-05-10 17:43:20', '2019-05-10 17:43:20', '1'),
('39', '18', '1', '2019-05-10 17:44:56', '2019-05-10 17:44:56', '1'),
('40', '9', '1', '2019-05-10 17:45:14', '2019-05-10 17:45:14', '1'),
('41', '18', '1', '2019-05-10 17:48:54', '2019-05-10 17:48:54', '1'),
('42', '18', '1', '2019-05-10 17:53:15', '2019-05-10 17:53:15', '1'),
('43', '18', '1', '2019-05-10 17:57:20', '2019-05-10 17:57:20', '1'),
('44', '18', '1', '2019-05-10 18:32:33', '2019-05-10 18:32:33', '1'),
('45', '10', '1', '2019-05-10 18:49:59', '2019-05-10 18:49:59', '1'),
('46', '10', '1', '2019-05-10 18:51:18', '2019-05-10 18:51:18', '1'),
('47', '10', '1', '2019-05-10 18:55:47', '2019-05-10 18:55:47', '1'),
('48', '19', '1', '2019-05-10 20:08:01', '2019-05-10 20:08:01', '1'),
('49', '19', '1', '2019-05-10 20:09:01', '2019-05-10 20:09:01', '1'),
('50', '19', '1', '2019-05-10 20:21:45', '2019-05-10 20:21:45', '1'),
('51', '20', '1', '2019-05-10 21:04:15', '2019-05-10 21:04:15', '1'),
('52', '21', '1', '2019-05-10 21:19:06', '2019-05-10 21:19:06', '1'),
('53', '22', '1', '2019-05-10 21:25:38', '2019-05-10 21:25:38', '1'),
('54', '23', '1', '2019-05-10 21:33:39', '2019-05-10 21:33:39', '1'),
('55', '24', '1', '2019-05-11 08:57:35', '2019-05-11 08:57:35', '1'),
('56', '4', '1', '2019-05-13 10:24:52', '2019-05-13 10:24:52', '1'),
('57', '25', '1', '2019-05-13 10:54:29', '2019-05-13 10:54:29', '1'),
('58', '4', '1', '2019-05-13 15:03:32', '2019-05-13 15:03:32', '1'),
('59', '26', '1', '2019-05-13 17:29:17', '2019-05-13 17:29:17', '1'),
('60', '27', '1', '2019-05-13 21:45:27', '2019-05-13 21:45:27', '1'),
('61', '6', '1', '2019-05-14 08:50:37', '2019-05-14 08:50:37', '1'),
('62', '28', '1', '2019-05-14 09:22:21', '2019-05-14 09:22:21', '1'),
('63', '29', '1', '2019-05-14 09:34:16', '2019-05-14 09:34:16', '1'),
('64', '29', '1', '2019-05-14 09:39:59', '2019-05-14 09:39:59', '1'),
('65', '30', '1', '2019-05-14 10:21:16', '2019-05-14 10:21:16', '1'),
('66', '9', '1', '2019-05-14 14:43:53', '2019-05-14 14:43:53', '1'),
('67', '9', '1', '2019-05-14 14:44:00', '2019-05-14 14:44:00', '1'),
('68', '31', '1', '2019-05-14 17:35:17', '2019-05-14 17:35:17', '1'),
('69', '12', '1', '2019-05-14 17:59:46', '2019-05-14 17:59:46', '1'),
('70', '31', '1', '2019-05-15 07:32:55', '2019-05-15 07:32:55', '1'),
('71', '31', '1', '2019-05-15 07:38:11', '2019-05-15 07:38:11', '1'),
('72', '5', '1', '2019-05-15 07:41:56', '2019-05-15 07:41:56', '1'),
('73', '5', '1', '2019-05-15 07:42:50', '2019-05-15 07:42:50', '1'),
('74', '5', '1', '2019-05-15 07:51:40', '2019-05-15 07:51:40', '1'),
('75', '32', '1', '2019-05-15 08:12:11', '2019-05-15 08:12:11', '1'),
('76', '5', '1', '2019-05-15 08:18:57', '2019-05-15 08:18:57', '1'),
('77', '33', '1', '2019-05-15 08:23:01', '2019-05-15 08:23:01', '1'),
('78', '5', '1', '2019-05-15 08:23:10', '2019-05-15 08:23:10', '1'),
('79', '5', '1', '2019-05-15 08:23:17', '2019-05-15 08:23:17', '1'),
('80', '5', '1', '2019-05-15 08:23:35', '2019-05-15 08:23:35', '1'),
('81', '33', '1', '2019-05-15 08:29:12', '2019-05-15 08:29:12', '1'),
('82', '9', '1', '2019-05-15 08:29:54', '2019-05-15 08:29:54', '1'),
('83', '34', '1', '2019-05-15 08:30:05', '2019-05-15 08:30:05', '1'),
('84', '35', '1', '2019-05-15 08:30:37', '2019-05-15 08:30:37', '1'),
('85', '35', '1', '2019-05-15 08:35:47', '2019-05-15 08:35:47', '1'),
('86', '33', '1', '2019-05-15 09:27:20', '2019-05-15 09:27:20', '1'),
('87', '33', '1', '2019-05-15 09:32:08', '2019-05-15 09:32:08', '1'),
('88', '24', '1', '2019-05-15 09:48:28', '2019-05-15 09:48:28', '1'),
('89', '24', '1', '2019-05-15 09:58:48', '2019-05-15 09:58:48', '1'),
('90', '24', '1', '2019-05-15 09:58:58', '2019-05-15 09:58:58', '1'),
('91', '36', '1', '2019-05-15 10:43:40', '2019-05-15 10:43:40', '1'),
('92', '37', '1', '2019-05-15 10:44:13', '2019-05-15 10:44:13', '1'),
('93', '36', '1', '2019-05-15 10:45:16', '2019-05-15 10:45:16', '1'),
('94', '37', '1', '2019-05-15 10:47:15', '2019-05-15 10:47:15', '1'),
('95', '37', '1', '2019-05-15 10:52:39', '2019-05-15 10:52:39', '1'),
('96', '38', '1', '2019-05-15 11:09:19', '2019-05-15 11:09:19', '1'),
('97', '39', '1', '2019-05-15 11:19:28', '2019-05-15 11:19:28', '1'),
('98', '40', '1', '2019-05-15 11:25:44', '2019-05-15 11:25:44', '1'),
('99', '40', '1', '2019-05-15 11:26:01', '2019-05-15 11:26:01', '1'),
('100', '24', '1', '2019-05-15 15:05:04', '2019-05-15 15:05:04', '1'),
('101', '37', '1', '2019-05-15 15:15:45', '2019-05-15 15:15:45', '1'),
('102', '24', '1', '2019-05-15 15:25:17', '2019-05-15 15:25:17', '1'),
('103', '24', '1', '2019-05-15 15:25:48', '2019-05-15 15:25:48', '1'),
('104', '24', '1', '2019-05-15 15:26:01', '2019-05-15 15:26:01', '1'),
('105', '24', '1', '2019-05-15 15:31:07', '2019-05-15 15:31:07', '1'),
('106', '24', '1', '2019-05-15 15:32:51', '2019-05-15 15:32:51', '1'),
('107', '24', '1', '2019-05-15 15:34:07', '2019-05-15 15:34:07', '1'),
('108', '41', '1', '2019-05-15 15:41:10', '2019-05-15 15:41:10', '1'),
('109', '42', '1', '2019-05-15 15:42:55', '2019-05-15 15:42:55', '1'),
('110', '42', '1', '2019-05-15 15:43:02', '2019-05-15 15:43:02', '1'),
('111', '42', '1', '2019-05-15 15:43:06', '2019-05-15 15:43:06', '1'),
('112', '42', '1', '2019-05-15 15:43:09', '2019-05-15 15:43:09', '1'),
('113', '42', '1', '2019-05-15 15:44:22', '2019-05-15 15:44:22', '1'),
('114', '42', '1', '2019-05-15 15:44:28', '2019-05-15 15:44:28', '1'),
('115', '42', '1', '2019-05-15 15:44:39', '2019-05-15 15:44:39', '1'),
('116', '42', '1', '2019-05-15 15:44:42', '2019-05-15 15:44:42', '1'),
('117', '42', '1', '2019-05-15 15:44:45', '2019-05-15 15:44:45', '1'),
('118', '42', '1', '2019-05-15 15:44:46', '2019-05-15 15:44:46', '1'),
('119', '24', '1', '2019-05-15 16:12:35', '2019-05-15 16:12:35', '1'),
('120', '24', '1', '2019-05-15 16:13:16', '2019-05-15 16:13:16', '1'),
('121', '43', '1', '2019-05-15 16:17:31', '2019-05-15 16:17:31', '1'),
('122', '24', '1', '2019-05-15 16:18:15', '2019-05-15 16:18:15', '1'),
('123', '44', '1', '2019-05-15 16:18:58', '2019-05-15 16:18:58', '1'),
('124', '44', '1', '2019-05-15 16:19:29', '2019-05-15 16:19:29', '1'),
('125', '24', '1', '2019-05-15 16:20:07', '2019-05-15 16:20:07', '1'),
('126', '45', '1', '2019-05-15 16:23:14', '2019-05-15 16:23:14', '1'),
('127', '41', '1', '2019-05-15 16:24:27', '2019-05-15 16:24:27', '1'),
('128', '41', '1', '2019-05-15 16:39:07', '2019-05-15 16:39:07', '1'),
('129', '46', '1', '2019-05-15 17:11:40', '2019-05-15 17:11:40', '1'),
('130', '46', '1', '2019-05-15 17:16:09', '2019-05-15 17:16:09', '1'),
('131', '46', '1', '2019-05-15 17:16:31', '2019-05-15 17:16:31', '1'),
('132', '46', '1', '2019-05-15 17:18:09', '2019-05-15 17:18:09', '1'),
('133', '47', '1', '2019-05-15 17:42:37', '2019-05-15 17:42:37', '1'),
('134', '48', '1', '2019-05-15 18:05:35', '2019-05-15 18:05:35', '1'),
('135', '49', '1', '2019-05-16 14:43:56', '2019-05-16 14:43:56', '1'),
('136', '46', '1', '2019-05-16 14:58:06', '2019-05-16 14:58:06', '1'),
('137', '46', '1', '2019-05-16 15:09:47', '2019-05-16 15:09:47', '1'),
('138', '46', '1', '2019-05-16 15:10:58', '2019-05-16 15:10:58', '1'),
('139', '49', '1', '2019-05-16 16:51:31', '2019-05-16 16:51:31', '1'),
('140', '46', '1', '2019-05-17 08:50:44', '2019-05-17 08:50:44', '1'),
('141', '46', '1', '2019-05-17 08:51:16', '2019-05-17 08:51:16', '1'),
('142', '46', '1', '2019-05-17 09:00:06', '2019-05-17 09:00:06', '1'),
('143', '50', '1', '2019-05-17 09:46:37', '2019-05-17 09:46:37', '1'),
('144', '50', '1', '2019-05-17 09:47:43', '2019-05-17 09:47:43', '1'),
('145', '51', '1', '2019-05-17 15:48:45', '2019-05-17 15:48:45', '1'),
('146', '51', '1', '2019-05-17 15:50:22', '2019-05-17 15:50:22', '1'),
('147', '51', '1', '2019-05-17 16:07:20', '2019-05-17 16:07:20', '1'),
('148', '40', '1', '2019-05-17 16:33:03', '2019-05-17 16:33:03', '1'),
('149', '24', '1', '2019-05-18 13:03:04', '2019-05-18 13:03:04', '1'),
('150', '24', '1', '2019-05-18 13:17:14', '2019-05-18 13:17:14', '1'),
('151', '24', '1', '2019-05-18 14:16:03', '2019-05-18 14:16:03', '1'),
('152', '24', '1', '2019-05-19 09:26:16', '2019-05-19 09:26:16', '1'),
('153', '24', '1', '2019-05-19 09:33:03', '2019-05-19 09:33:03', '1'),
('154', '52', '1', '2019-05-20 09:56:15', '2019-05-20 09:56:15', '1'),
('155', '51', '1', '2019-05-20 10:45:22', '2019-05-20 10:45:22', '1'),
('156', '24', '1', '2019-05-21 12:40:53', '2019-05-21 12:40:53', '1'),
('157', '24', '1', '2019-05-22 09:35:56', '2019-05-22 09:35:56', '1'),
('158', '24', '1', '2019-05-22 09:44:27', '2019-05-22 09:44:27', '1'),
('159', '53', '1', '2019-05-24 14:58:56', '2019-05-24 14:58:56', '1'),
('160', '53', '1', '2019-05-24 17:08:26', '2019-05-24 17:08:26', '1'),
('161', '53', '1', '2019-05-28 14:59:58', '2019-05-28 14:59:58', '1');

INSERT INTO `terms_condition` (`id`, `url_pdf`, `version`, `dateRegistration`, `dateUpdate`, `status`) VALUES ('1', 'http://testing.joonik.com:3030/terms/terms_condition_0_1.pdf', '0.1', '2019-05-08 09:40:42', '2019-05-08 09:40:42', '1');

INSERT INTO `users` (`id`, `email`, `status`, `dateRegistration`, `dateUpdate`) VALUES ('1', 'leydimrtz111@gmail.com', '1', '2019-04-26 08:31:15', '2019-04-26 08:31:15'),
('2', 'jhhh@gmail.com', '1', '2019-04-26 10:16:19', '2019-04-26 10:16:19'),
('3', 'correoexmple@gmil.com', '1', '2019-04-26 14:46:23', '2019-04-26 14:46:23'),
('4', 'leydi@gmail.com', '1', '2019-04-26 14:51:31', '2019-04-26 14:51:31'),
('5', 'ing.giovanisierra@gmail.com', '1', '2019-04-29 10:13:41', '2019-04-29 10:13:41'),
('6', 'correoprueba@gmail.com', '1', '2019-04-29 11:10:04', '2019-04-29 11:10:04'),
('7', 'alvaro3@joonik.com', '1', '2019-04-29 15:20:41', '2019-04-29 15:20:41'),
('8', 'pruebaleydi@gmail.com', '1', '2019-04-29 15:29:51', '2019-04-29 15:29:51'),
('9', 'arincon@outlook.com', '1', '2019-05-07 17:04:53', '2019-05-07 17:04:53'),
('10', 'jreyes@joonik.com', '1', '2019-05-10 08:27:43', '2019-05-10 08:27:43'),
('11', 'jjpg@ooo.sss', '1', '2019-05-10 08:54:00', '2019-05-10 08:54:00'),
('12', 'correo@gmail.com', '1', '2019-05-10 08:59:53', '2019-05-10 08:59:53'),
('13', 'jdkd@gmail.com', '1', '2019-05-10 10:03:24', '2019-05-10 10:03:24'),
('14', 'jjrb6@hotmail.com', '1', '2019-05-10 14:27:17', '2019-05-10 14:27:17'),
('15', 'saludos@fkdkd.com', '1', '2019-05-10 15:41:02', '2019-05-10 15:41:02'),
('16', 'saludos@hgy.com', '1', '2019-05-10 15:45:05', '2019-05-10 15:45:05'),
('17', 'giovani@jooni.com', '1', '2019-05-10 17:33:35', '2019-05-10 17:33:35'),
('18', 'jreyes@mailinator.com', '1', '2019-05-10 17:43:20', '2019-05-10 17:43:20'),
('19', 'jreyes@hotmail.com', '1', '2019-05-10 20:08:01', '2019-05-10 20:08:01'),
('20', 'soyla@agreval.mn', '1', '2019-05-10 21:04:15', '2019-05-10 21:04:15'),
('21', 'efefew@sadasd.we', '1', '2019-05-10 21:19:06', '2019-05-10 21:19:06'),
('22', 'sedfse@fsaf.sdf', '1', '2019-05-10 21:25:38', '2019-05-10 21:25:38'),
('23', 'asfas@asd.as', '1', '2019-05-10 21:33:39', '2019-05-10 21:33:39'),
('24', 'giovani@joonik.com', '1', '2019-05-11 08:57:35', '2019-05-11 08:57:35'),
('25', 'test@gmail.com', '1', '2019-05-13 10:54:29', '2019-05-13 10:54:29'),
('26', 'fffdd@gfg.gh', '1', '2019-05-13 17:29:17', '2019-05-13 17:29:17'),
('27', 'marcelatalhami@hotmail.com', '1', '2019-05-13 21:45:27', '2019-05-13 21:45:27'),
('28', 'Correo123@gmail.com', '1', '2019-05-14 09:22:21', '2019-05-14 09:22:21'),
('29', 'Hhjuy@gmail.com', '1', '2019-05-14 09:34:16', '2019-05-14 09:34:16'),
('30', 'Correo22123@gmail.com', '1', '2019-05-14 10:21:16', '2019-05-14 10:21:16'),
('31', 'correoejemplo@gmail.com', '1', '2019-05-14 17:35:17', '2019-05-14 17:35:17'),
('32', 'leydinnn@gmail.com', '1', '2019-05-15 08:12:11', '2019-05-15 08:12:11'),
('33', 'correopruebaqq@gmail.com', '1', '2019-05-15 08:23:01', '2019-05-15 08:23:01'),
('34', 'arinco232323n@outlook.com', '1', '2019-05-15 08:30:05', '2019-05-15 08:30:05'),
('35', 'dfggfssd@ddg.xx', '1', '2019-05-15 08:30:37', '2019-05-15 08:30:37'),
('36', 'ffhh@dff.xx', '1', '2019-05-15 10:43:40', '2019-05-15 10:43:40'),
('37', 'prueba3455@gmail.com', '1', '2019-05-15 10:44:13', '2019-05-15 10:44:13'),
('38', 'fgghgkg@ffff.fg', '1', '2019-05-15 11:09:19', '2019-05-15 11:09:19'),
('39', 'tgggdddff@fhhgg.df', '1', '2019-05-15 11:19:28', '2019-05-15 11:19:28'),
('40', 'cxxhg@trtg.cc', '1', '2019-05-15 11:25:44', '2019-05-15 11:25:44'),
('41', 'ejemplo@gmail.com', '1', '2019-05-15 15:41:10', '2019-05-15 15:41:10'),
('42', 'hahahah@gk.com', '1', '2019-05-15 15:42:55', '2019-05-15 15:42:55'),
('43', 'agjk@gmail.com', '1', '2019-05-15 16:17:31', '2019-05-15 16:17:31'),
('44', 'support@g.com', '1', '2019-05-15 16:18:58', '2019-05-15 16:18:58'),
('45', 'ttytre@gfg.hh', '1', '2019-05-15 16:23:14', '2019-05-15 16:23:14'),
('46', 'hola@gmail.com', '1', '2019-05-15 17:11:39', '2019-05-15 17:11:39'),
('47', 'leydiperez@gmail.com', '1', '2019-05-15 17:42:37', '2019-05-15 17:42:37'),
('48', 'leydi123@gmail.com', '1', '2019-05-15 18:05:35', '2019-05-15 18:05:35'),
('49', 'mail@fundacion.com', '1', '2019-05-16 14:43:56', '2019-05-16 14:43:56'),
('50', 'juanperez@gmail.com', '1', '2019-05-17 09:46:37', '2019-05-17 09:46:37'),
('51', 'correocordiales@gmail.com', '1', '2019-05-17 15:48:45', '2019-05-17 15:48:45'),
('52', 'fsfdgdfvg@dsf.ede', '1', '2019-05-20 09:56:15', '2019-05-20 09:56:15'),
('53', 'sdfgsdfg@fgdsfg.jh', '1', '2019-05-24 14:58:56', '2019-05-24 14:58:56');




/*!40103 SET TIME_ZONE=@OLD_TIME_ZONE */;
/*!40101 SET SQL_MODE=@OLD_SQL_MODE */;
/*!40014 SET FOREIGN_KEY_CHECKS=@OLD_FOREIGN_KEY_CHECKS */;
/*!40014 SET UNIQUE_CHECKS=@OLD_UNIQUE_CHECKS */;
/*!40101 SET CHARACTER_SET_CLIENT=@OLD_CHARACTER_SET_CLIENT */;
/*!40101 SET CHARACTER_SET_RESULTS=@OLD_CHARACTER_SET_RESULTS */;
/*!40101 SET COLLATION_CONNECTION=@OLD_COLLATION_CONNECTION */;
/*!40111 SET SQL_NOTES=@OLD_SQL_NOTES */;